{
  "version": 1,
  "author": "Ranindya Dwi Qintari",
  "editor": "wokwi",
  "parts": [
    { "type": "board-esp32-devkit-c-v4", "id": "esp", "top": -48, "left": -158.36, "attrs": {} },
    {
      "type": "wokwi-led",
      "id": "led_merah",
      "top": -99.6,
      "left": 23,
      "attrs": { "color": "red" }
    },
    {
      "type": "wokwi-led",
      "id": "led_kuning",
      "top": -99.6,
      "left": 80.6,
      "attrs": { "color": "yellow" }
    },
    {
      "type": "wokwi-led",
      "id": "led_hijau",
      "top": -99.6,
      "left": 138.2,
      "attrs": { "color": "limegreen" }
    },
    {
      "type": "wokwi-resistor",
      "id": "r3",
      "top": -4.8,
      "left": 143.45,
      "rotate": 90,
      "attrs": { "value": "1000" }
    },
    {
      "type": "wokwi-resistor",
      "id": "r1",
      "top": 4.8,
      "left": 85.85,
      "rotate": 90,
      "attrs": { "value": "1000" }
    },
    {
      "type": "wokwi-resistor",
      "id": "r2",
      "top": 4.8,
      "left": 28.25,
      "rotate": 90,
      "attrs": { "value": "1000" }
    }
  ],
  "connections": [
    [ "esp:TX", "$serialMonitor:RX", "", [] ],
    [ "esp:RX", "$serialMonitor:TX", "", [] ],
    [ "led_hijau:A", "r3:1", "green", [ "v0" ] ],
    [ "r1:1", "led_kuning:A", "gold", [ "h0" ] ],
    [ "led_merah:C", "esp:GND.3", "white", [ "v0" ] ],
    [ "led_kuning:C", "esp:GND.3", "white", [ "v0" ] ],
    [ "led_hijau:C", "esp:GND.3", "white", [ "v0" ] ],
    [ "r2:2", "esp:18", "red", [ "h0", "v18" ] ],
    [ "r3:2", "esp:17", "green", [ "h0", "v46.8" ] ],
    [ "r1:2", "esp:16", "gold", [ "h0", "v56.4" ] ],
    [ "r2:1", "led_merah:A", "red", [ "h0" ] ]
  ],
  "dependencies": {}
}